Firstname,Lastname,Email,Password,ConfirmPassword
Rehan,Khan,rehan.khan930@gmail.com,Rehan@123,Rehan@123
Pooja,Desai,pooja.desai33@yahoo.com,Pooja#456,Pooja#456
Aman,Gupta,aman.gupta3@hotmail.com,Aman@789,Aman@789
Simran,Malhotra,simran_malhotra33@gmail.com,Simran$321,Simran$321
Nikhil,Bose,nikhil.bose34@outlook.com,Nikhil@111,Nikhil@111